{"1D_CNN": {"Australia": {"MSE": 0.00023450092536463112, "MAE": 0.011744787858028656, "MAPE": 0.01663497887778379}, "Europe": {"MSE": 0.00018214630034124737, "MAE": 0.010254411112362073, "MAPE": 0.008776298685551104}, "Brazil": {"MSE": 0.06047951442101071, "MAE": 0.22794513405137737, "MAPE": 0.059336761379119404}, "Canada": {"MSE": 0.0015196682207848846, "MAE": 0.037941984423572404, "MAPE": 0.028844017701485928}, "China": {"MSE": 0.007386142125646975, "MAE": 0.07334394008432744, "MAPE": 0.010720616003033558}, "Denmark": {"MSE": 0.01475632010417105, "MAE": 0.11441479819527867, "MAPE": 0.017474334392919136}, "Hong Kong": {"MSE": 0.00023273514366572363, "MAE": 0.014604192757650455, "MAPE": 0.0018627675645661007}, "India": {"MSE": 8.398660139401791, "MAE": 2.8020352334853253, "MAPE": 0.04019610661066933}, "Japan": {"MSE": 10.682486364203294, "MAE": 3.126983298061083, "MAPE": 0.02842400948554465}, "Malaysia": {"MSE": 0.012671640288010377, "MAE": 0.10966112954366272, "MAPE": 0.02674685071711815}}, "LSTM": {"Australia": {"MSE": 0.00028630920383748763, "MAE": 0.013376238709128359, "MAPE": 0.01884657154936543}, "Europe": {"MSE": 0.00023981772753725808, "MAE": 0.012441718856800985, "MAPE": 0.01073915363750136}, "Brazil": {"MSE": 0.014901022911668936, "MAE": 0.09784097018092595, "MAPE": 0.025141575269182103}, "Canada": {"MSE": 0.0003304107853942121, "MAE": 0.015568581246363743, "MAPE": 0.011804502745773564}, "China": {"MSE": 0.006746529057835082, "MAE": 0.06565663194533433, "MAPE": 0.009622202101068168}, "Denmark": {"MSE": 0.003097834951223694, "MAE": 0.04556519967952047, "MAPE": 0.007053667805365244}, "Hong Kong": {"MSE": 0.0014132719786876366, "MAE": 0.03528105556530191, "MAPE": 0.004499316259226527}, "India": {"MSE": 5.63285826465501, "MAE": 2.1187749258923048, "MAPE": 0.030046615562433973}, "Japan": {"MSE": 1.9488111475486614, "MAE": 1.2147872716858021, "MAPE": 0.011042533710781803}, "Malaysia": {"MSE": 0.0010671768432022324, "MAE": 0.02337013012655973, "MAPE": 0.005779196797151819}}, "Autoencoder": {"Australia": {"MSE": 0.00042254029209283365, "MAE": 0.016161644328525997, "MAPE": 0.022716067713909157}, "Europe": {"MSE": 0.0003454388699730242, "MAE": 0.013421470818109781, "MAPE": 0.011326688187914016}, "Brazil": {"MSE": 0.42180230105500865, "MAE": 0.6404761243653752, "MAPE": 0.16809842931033306}, "Canada": {"MSE": 0.00970064874246855, "MAE": 0.09767859288402397, "MAPE": 0.074377774671468}, "China": {"MSE": 0.04752756005569293, "MAE": 0.1981960244577455, "MAPE": 0.02888937661971038}, "Denmark": {"MSE": 0.17308319229964192, "MAE": 0.4069920204302638, "MAPE": 0.06237106975457472}, "Hong Kong": {"MSE": 0.0006347870227968701, "MAE": 0.024536918352910407, "MAPE": 0.0031300474791289804}, "India": {"MSE": 48.94197170318282, "MAE": 6.925121408304457, "MAPE": 0.09958031836120519}, "Japan": {"MSE": 86.06601468416501, "MAE": 9.218310997369905, "MAPE": 0.08385936797872089}, "Malaysia": {"MSE": 0.11657283060589047, "MAE": 0.339143056224099, "MAPE": 0.08284134448148556}}, "CNN+RNN": {"Australia": {"MSE": 0.00018406235781316492, "MAE": 0.01067987797804739, "MAPE": 0.015108326664031545}, "Europe": {"MSE": 0.0002530789950741863, "MAE": 0.012489985139593896, "MAPE": 0.01072412873121464}, "Brazil": {"MSE": 0.010391438455566344, "MAE": 0.08252114923171575, "MAPE": 0.02116962671056603}, "Canada": {"MSE": 0.00010648709965039498, "MAE": 0.008761743288057722, "MAPE": 0.006655257470279896}, "China": {"MSE": 0.004194450133086638, "MAE": 0.05341924977100578, "MAPE": 0.007820722275674832}, "Denmark": {"MSE": 0.006066250383137545, "MAE": 0.06750229181848179, "MAPE": 0.010305158529826237}, "Hong Kong": {"MSE": 0.0003052420645066744, "MAE": 0.01663926234412153, "MAPE": 0.0021222302186534353}, "India": {"MSE": 3.2341712414943182, "MAE": 1.6593484476416152, "MAPE": 0.023735167717245532}, "Japan": {"MSE": 8.204543425780031, "MAE": 2.6852843608821075, "MAPE": 0.024394407275768196}, "Malaysia": {"MSE": 0.009995968786897248, "MAE": 0.09559523522708957, "MAPE": 0.023275776645778037}}, "FNN": {"Australia": {"MSE": 0.0002723677996391739, "MAE": 0.013245735366041485, "MAPE": 0.018647193265079843}, "Europe": {"MSE": 0.0003418640844671332, "MAE": 0.015366192073628831, "MAPE": 0.013108574482413737}, "Brazil": {"MSE": 0.20587720872811807, "MAE": 0.44649542690052296, "MAPE": 0.11671306184881405}, "Canada": {"MSE": 0.0077094873044548365, "MAE": 0.08722973714015321, "MAPE": 0.06636980404629877}, "China": {"MSE": 0.07028148709100218, "MAE": 0.24362482142018135, "MAPE": 0.035475501374379714}, "Denmark": {"MSE": 0.1626792456510617, "MAE": 0.3960671164584643, "MAPE": 0.06063093693955831}, "Hong Kong": {"MSE": 0.00043908518291867926, "MAE": 0.02049075255490583, "MAPE": 0.0026140286267578743}, "India": {"MSE": 41.866772078271985, "MAE": 6.40988484985745, "MAPE": 0.0919578132712787}, "Japan": {"MSE": 28.209335255567296, "MAE": 5.26944370909071, "MAPE": 0.04797779733525717}, "Malaysia": {"MSE": 0.06868923405480656, "MAE": 0.26059435703003603, "MAPE": 0.06362549453769346}}, "GRU": {"Australia": {"MSE": 0.00021158707375998941, "MAE": 0.011045272567478549, "MAPE": 0.015700879860895623}, "Europe": {"MSE": 0.00014232511699881076, "MAE": 0.009238448336199065, "MAPE": 0.00790823278473934}, "Brazil": {"MSE": 0.012072757227865107, "MAE": 0.09019487328151751, "MAPE": 0.023194298469292}, "Canada": {"MSE": 0.0002481589014932977, "MAE": 0.013538509095527408, "MAPE": 0.010278490982690335}, "China": {"MSE": 0.0034697369157805427, "MAE": 0.04760642708730963, "MAPE": 0.006975692579004872}, "Denmark": {"MSE": 0.0014309625970383231, "MAE": 0.03062293615323625, "MAPE": 0.004742382987694906}, "Hong Kong": {"MSE": 0.00015617731886306726, "MAE": 0.011869086428197976, "MAPE": 0.0015138217029962919}, "India": {"MSE": 1.5471734933526016, "MAE": 1.0269994233133164, "MAPE": 0.014538578422562393}, "Japan": {"MSE": 4.020735313283401, "MAE": 1.8449935900440533, "MAPE": 0.01677336132532674}, "Malaysia": {"MSE": 0.0004856448311174418, "MAE": 0.01859370307606227, "MAPE": 0.004543690684768436}}, "RNN": {"Australia": {"MSE": 0.0001315572427857607, "MAE": 0.008919843634118909, "MAPE": 0.01257378093909563}, "Europe": {"MSE": 0.00017138747631096377, "MAE": 0.010377288971158024, "MAPE": 0.00884955176289541}, "Brazil": {"MSE": 0.10561223158463583, "MAE": 0.3191748231294186, "MAPE": 0.08331623055203878}, "Canada": {"MSE": 0.0034921628084451837, "MAE": 0.05840050898660832, "MAPE": 0.044415805884461285}, "China": {"MSE": 0.0102715453360195, "MAE": 0.09034321650510337, "MAPE": 0.01313519458025786}, "Denmark": {"MSE": 0.02502020779422883, "MAE": 0.15338333435199097, "MAPE": 0.023486799306423493}, "Hong Kong": {"MSE": 0.0002785504814797174, "MAE": 0.016135929471221465, "MAPE": 0.00205825030959882}, "India": {"MSE": 19.958073231661693, "MAE": 4.420017096770622, "MAPE": 0.06340924806390287}, "Japan": {"MSE": 9.005979063751584, "MAE": 2.9370425177586448, "MAPE": 0.026714251052374214}, "Malaysia": {"MSE": 0.033199255443532194, "MAE": 0.18053006854030967, "MAPE": 0.044051168444007915}}, "Transformer(Soft Attention)": {"Australia": {"MSE": 0.013629551311957274, "MAE": 0.11094821697835765, "MAPE": 0.1563237603970636}, "Europe": {"MSE": 0.00464461430008781, "MAE": 0.06222434358148944, "MAPE": 0.054959460295301236}, "Brazil": {"MSE": 2.3834350694716813, "MAE": 1.5175483203204734, "MAPE": 0.3958912667540828}, "Canada": {"MSE": 0.05760980378657685, "MAE": 0.2379698557859846, "MAPE": 0.18114807441434738}, "China": {"MSE": 0.2299739364795273, "MAE": 0.41774580683383283, "MAPE": 0.060507011789808655}, "Denmark": {"MSE": 0.6062139055704245, "MAE": 0.7442105293804331, "MAPE": 0.1134238733683093}, "Hong Kong": {"MSE": 0.0057569448849121, "MAE": 0.07463921366387752, "MAPE": 0.009521802330865758}, "India": {"MSE": 208.87571136006326, "MAE": 14.20579391476682, "MAPE": 0.20345244980340976}, "Japan": {"MSE": 250.89401763106414, "MAE": 15.710139424304717, "MAPE": 0.1429489786560085}, "Malaysia": {"MSE": 0.6768190665330412, "MAE": 0.814690640205046, "MAPE": 0.19888559866743882}}}