{"FNN": {"Australia": {"MSE": 0.0029981518937005755, "MAE": 0.045037490528650775, "MAPE": 751339162178.4108}, "Europe": {"MSE": 0.003558631966424873, "MAE": 0.05187791307132386, "MAPE": 0.19442758355388104}, "Brazil": {"MSE": 0.022593362879311036, "MAE": 0.14728121664456098, "MAPE": 0.1761058704599998}, "Canada": {"MSE": 0.04005914427815776, "MAE": 0.19916595296029088, "MAPE": 0.2786155073348687}, "China": {"MSE": 0.02519324445798144, "MAE": 0.14573811595304012, "MAPE": 0.2208732971402448}, "Denmark": {"MSE": 0.027632209560659607, "MAE": 0.16308934928122157, "MAPE": 0.23507363919377677}, "Hong Kong": {"MSE": 0.03457249256913814, "MAE": 0.18029478080209085, "MAPE": 0.20615067852231356}, "India": {"MSE": 0.07018120212285424, "MAE": 0.2629409328594231, "MAPE": 0.31236601768437916}, "Japan": {"MSE": 0.02579726355804109, "MAE": 0.1597569216912868, "MAPE": 0.23411657890505105}, "Malaysia": {"MSE": 0.04971730056767404, "MAE": 0.22190505511413752, "MAPE": 0.3003180754317025}}, "RNN": {"Australia": {"MSE": 0.0004887618524596659, "MAE": 0.01713778590891424, "MAPE": 367849729980.62933}, "Europe": {"MSE": 0.0008157604707200002, "MAE": 0.021435550074288642, "MAPE": 0.07492766225703706}, "Brazil": {"MSE": 0.015799280175208024, "MAE": 0.12106563244713461, "MAPE": 0.14345956855366856}, "Canada": {"MSE": 0.011886289034334616, "MAE": 0.1081225038864256, "MAPE": 0.15108835598995188}, "China": {"MSE": 0.007274679677045938, "MAE": 0.07560505586912933, "MAPE": 0.10965317250971793}, "Denmark": {"MSE": 0.016265892788388654, "MAE": 0.12508430471060694, "MAPE": 0.18078557856868968}, "Hong Kong": {"MSE": 0.040854233839674424, "MAE": 0.19578199565480248, "MAPE": 0.2224402090631087}, "India": {"MSE": 0.017519860743731155, "MAE": 0.13063467507176343, "MAPE": 0.1548753526907623}, "Japan": {"MSE": 0.01087942233034851, "MAE": 0.10349706083551774, "MAPE": 0.15166427602555324}, "Malaysia": {"MSE": 0.009578456094521213, "MAE": 0.09692388664183171, "MAPE": 0.1308202347160876}}, "LSTM": {"Australia": {"MSE": 0.0012992067999433644, "MAE": 0.028640387320453833, "MAPE": 551788174319.9343}, "Europe": {"MSE": 0.000713521932077236, "MAE": 0.02090693183968051, "MAPE": 0.08508833057699743}, "Brazil": {"MSE": 0.0022144087578432016, "MAE": 0.03797448682023303, "MAPE": 0.0437970774336479}, "Canada": {"MSE": 0.00123739704825269, "MAE": 0.030549194951298805, "MAPE": 0.042253968904076594}, "China": {"MSE": 0.007704148347095883, "MAE": 0.07166639532982395, "MAPE": 0.11296775522232579}, "Denmark": {"MSE": 0.0015996754754821422, "MAE": 0.033974759924078314, "MAPE": 0.050602738441911516}, "Hong Kong": {"MSE": 0.12468664604057673, "MAE": 0.3333384837273963, "MAPE": 0.3703608105307876}, "India": {"MSE": 0.005113286478502043, "MAE": 0.059680535578595935, "MAPE": 0.06759716455356939}, "Japan": {"MSE": 0.0011045385961304512, "MAE": 0.029692731630152052, "MAPE": 0.04342905389385908}, "Malaysia": {"MSE": 0.0005056271954806809, "MAE": 0.016764876338488825, "MAPE": 0.02397408207687925}}, "GRU": {"Australia": {"MSE": 0.0008329972870331267, "MAE": 0.02237903313821236, "MAPE": 483183264649.9361}, "Europe": {"MSE": 0.0002050911292718267, "MAE": 0.010588557516214953, "MAPE": 0.041611638104065984}, "Brazil": {"MSE": 0.0015720491105603697, "MAE": 0.03181794523082189, "MAPE": 0.036616452456565717}, "Canada": {"MSE": 0.0020050977757160803, "MAE": 0.04117214171369937, "MAPE": 0.057118760797166795}, "China": {"MSE": 0.00392975465578309, "MAE": 0.0519845738380951, "MAPE": 0.08334546657347756}, "Denmark": {"MSE": 0.00046758004002790096, "MAE": 0.017403008874167344, "MAPE": 0.026039650668552877}, "Hong Kong": {"MSE": 0.015016300816137022, "MAE": 0.11636381826648583, "MAPE": 0.1311785811283183}, "India": {"MSE": 0.0051255774173070345, "MAE": 0.06323902888571566, "MAPE": 0.07236894473001791}, "Japan": {"MSE": 0.0005110010365613045, "MAE": 0.019522088519835265, "MAPE": 0.028498770609156406}, "Malaysia": {"MSE": 0.00025968375943438823, "MAE": 0.013702775249981997, "MAPE": 0.01847021486412421}}, "Transformer": {"Australia": {"MSE": 0.05959041291245593, "MAE": 0.23062995159449837, "MAPE": 1981143390948.5852}, "Europe": {"MSE": 0.027988019106414384, "MAE": 0.15073788457601534, "MAPE": 0.7760823403551168}, "Brazil": {"MSE": 0.4121361979974932, "MAE": 0.634243224877954, "MAPE": 0.758248275229888}, "Canada": {"MSE": 0.2047158974924659, "MAE": 0.44757747061232034, "MAPE": 0.6264667938813874}, "China": {"MSE": 0.17410764544469903, "MAE": 0.36364088026859803, "MAPE": 0.5048288772678138}, "Denmark": {"MSE": 0.11591297504088374, "MAE": 0.32340585764747964, "MAPE": 0.45378942719648585}, "Hong Kong": {"MSE": 0.640931855620515, "MAE": 0.7875977781037627, "MAPE": 0.9083592294977112}, "India": {"MSE": 0.2298391068574991, "MAE": 0.47187317273042184, "MAPE": 0.5571284880749473}, "Japan": {"MSE": 0.08342020704031836, "MAE": 0.2857869290994262, "MAPE": 0.41778115633924656}, "Malaysia": {"MSE": 0.276604012758559, "MAE": 0.521244249993979, "MAPE": 0.7044018331034201}}, "1D_CNN": {"Australia": {"MSE": 0.0019604603357237186, "MAE": 0.03466666938591304, "MAPE": 658669699797.2705}, "Europe": {"MSE": 0.0007643339147179034, "MAE": 0.021326892115433326, "MAPE": 0.08366063214523427}, "Brazil": {"MSE": 0.011614261156072754, "MAE": 0.10245307031894114, "MAPE": 0.12171907740752756}, "Canada": {"MSE": 0.017572934713701947, "MAE": 0.13036059349168588, "MAPE": 0.18187223867061877}, "China": {"MSE": 0.015773292500138703, "MAE": 0.11293687513270607, "MAPE": 0.17417532749864478}, "Denmark": {"MSE": 0.00525498514040872, "MAE": 0.0683003559970115, "MAPE": 0.0979445703782035}, "Hong Kong": {"MSE": 0.029238006093122344, "MAE": 0.1643980480634673, "MAPE": 0.18642197328343904}, "India": {"MSE": 0.014418525882509432, "MAE": 0.11747117953048593, "MAPE": 0.1396742196888556}, "Japan": {"MSE": 0.005340140521668127, "MAE": 0.07032937590110186, "MAPE": 0.10266888193475927}, "Malaysia": {"MSE": 0.004392518149256076, "MAE": 0.0645967193225023, "MAPE": 0.08705302788214932}}, "CNN+RNN": {"Australia": {"MSE": 0.001346755697774872, "MAE": 0.028448270045823867, "MAPE": 576434553466.5682}, "Europe": {"MSE": 0.0008588327525239381, "MAE": 0.023282987820936213, "MAPE": 0.09954510435009548}, "Brazil": {"MSE": 0.0020732690635392897, "MAE": 0.038254167167145824, "MAPE": 0.04445394549291304}, "Canada": {"MSE": 0.003011680618059286, "MAE": 0.0514092310361756, "MAPE": 0.07120384292391278}, "China": {"MSE": 0.007516827931371066, "MAE": 0.07335228621153267, "MAPE": 0.1174581666002786}, "Denmark": {"MSE": 0.0011214947619697419, "MAE": 0.028351527983036855, "MAPE": 0.041029457926134556}, "Hong Kong": {"MSE": 0.02720408371277292, "MAE": 0.15657219495312263, "MAPE": 0.17556414141115056}, "India": {"MSE": 0.011520670536546, "MAE": 0.10415828725223092, "MAPE": 0.12327928275839856}, "Japan": {"MSE": 0.000275574130001103, "MAE": 0.014329874325328701, "MAPE": 0.02091320508321386}, "Malaysia": {"MSE": 0.004962561607838488, "MAE": 0.06843218849099, "MAPE": 0.09183942306213652}}}