{"FNN": {"Australia": {"MSE": 0.00038199278795641507, "MAE": 0.015602171585792551, "MAPE": 0.022077653230695413}, "Europe": {"MSE": 0.0005658428278668582, "MAE": 0.020437715603896928, "MAPE": 0.01745622537611135}, "Brazil": {"MSE": 0.20178286361707146, "MAE": 0.4433143869428126, "MAPE": 0.11590320700738696}, "Canada": {"MSE": 0.009669404221362468, "MAE": 0.09786724390043958, "MAPE": 0.07449485933421975}, "China": {"MSE": 0.029216133783920004, "MAE": 0.1548747919922156, "MAPE": 0.02253262065448363}, "Denmark": {"MSE": 0.18068989071910857, "MAE": 0.4177548671167419, "MAPE": 0.06395302341545853}, "Hong Kong": {"MSE": 0.0005296885261674223, "MAE": 0.022493074109058177, "MAPE": 0.002869418297881188}, "India": {"MSE": 46.53970047780562, "MAE": 6.772241041039455, "MAPE": 0.09722138786724178}, "Japan": {"MSE": 28.93830142340881, "MAE": 5.324441927774616, "MAPE": 0.0484608038202095}, "Malaysia": {"MSE": 0.12765650672337853, "MAE": 0.35571732071407597, "MAPE": 0.08687087410046074}}, "RNN": {"Australia": {"MSE": 3.977749677997173e-05, "MAE": 0.004994154633474611, "MAPE": 0.006903687428792471}, "Europe": {"MSE": 0.0001233434191989669, "MAE": 0.00901872218239154, "MAPE": 0.007725160891127434}, "Brazil": {"MSE": 0.11863584267047989, "MAE": 0.3381751113313777, "MAPE": 0.08830332118008193}, "Canada": {"MSE": 0.0024481592156602354, "MAE": 0.04869162415070648, "MAPE": 0.037017513663570346}, "China": {"MSE": 0.013223662144304258, "MAE": 0.10120123602900498, "MAPE": 0.014689636052084058}, "Denmark": {"MSE": 0.041017021542684474, "MAE": 0.19723399072755987, "MAPE": 0.030169396214395953}, "Hong Kong": {"MSE": 0.000343908947256799, "MAE": 0.017847047802273565, "MAPE": 0.0022764005955630026}, "India": {"MSE": 6.3551465768874795, "MAE": 2.4817372598946648, "MAPE": 0.03562142632112846}, "Japan": {"MSE": 36.26955621274934, "MAE": 5.977303528197344, "MAPE": 0.054405393617640685}, "Malaysia": {"MSE": 0.022710691600554094, "MAE": 0.14897690976706657, "MAPE": 0.036342104740134246}}, "GRU": {"Australia": {"MSE": 0.00019363744675906394, "MAE": 0.011209063114821359, "MAPE": 0.015850172465348998}, "Europe": {"MSE": 0.00016864010796839598, "MAE": 0.0102743243158632, "MAPE": 0.008868298075667158}, "Brazil": {"MSE": 0.009860073545339906, "MAE": 0.07762751882985151, "MAPE": 0.02026853780425057}, "Canada": {"MSE": 0.000173726940388222, "MAE": 0.011149446991662289, "MAPE": 0.008479078595235782}, "China": {"MSE": 0.005009943670036069, "MAE": 0.052045341359273724, "MAPE": 0.007681495811753278}, "Denmark": {"MSE": 0.005747212391821128, "MAE": 0.06162543407601767, "MAPE": 0.009535046291447571}, "Hong Kong": {"MSE": 0.0013089155923587301, "MAE": 0.034165558012721746, "MAPE": 0.004357190256218751}, "India": {"MSE": 3.9152061578290542, "MAE": 1.7623284021732337, "MAPE": 0.02504794454137173}, "Japan": {"MSE": 1.178974490011044, "MAE": 0.8891019835919965, "MAPE": 0.008100515612820929}, "Malaysia": {"MSE": 0.0007992234955409149, "MAE": 0.020284643677769457, "MAPE": 0.00501728184861978}}, "LSTM": {"Australia": {"MSE": 0.0001950349874028175, "MAE": 0.011314361438566806, "MAPE": 0.01594997079497425}, "Europe": {"MSE": 0.00012954414635656371, "MAE": 0.00902075863209438, "MAPE": 0.007802310445109778}, "Brazil": {"MSE": 0.023463232757488694, "MAE": 0.12602893963264059, "MAPE": 0.03213142953780508}, "Canada": {"MSE": 0.0005943582095936, "MAE": 0.022149698607214687, "MAPE": 0.016796724806500372}, "China": {"MSE": 0.0036280072845662737, "MAE": 0.04514345857328694, "MAPE": 0.006645257900921836}, "Denmark": {"MSE": 0.0034491676609876135, "MAE": 0.04827341573901378, "MAPE": 0.007427965650542147}, "Hong Kong": {"MSE": 0.0011302197209434393, "MAE": 0.03103893996883276, "MAPE": 0.003958070096834394}, "India": {"MSE": 2.885307892812886, "MAE": 1.4182367774865028, "MAPE": 0.02003911448169863}, "Japan": {"MSE": 2.024694569089949, "MAE": 1.2503759401718337, "MAPE": 0.011367941492226637}, "Malaysia": {"MSE": 0.0007509511444401148, "MAE": 0.021860817834246427, "MAPE": 0.005354452470503116}}, "Transformer(Soft Attention)": {"Australia": {"MSE": 0.015315139925910805, "MAE": 0.11853055899380321, "MAPE": 0.16685448725801272}, "Europe": {"MSE": 0.0063997132162547125, "MAE": 0.07226843159352438, "MAPE": 0.0639452705783816}, "Brazil": {"MSE": 2.7602199112002967, "MAE": 1.639255872366222, "MAPE": 0.4278856084185893}, "Canada": {"MSE": 0.057862470322698506, "MAE": 0.23825873019084964, "MAPE": 0.18136205116257578}, "China": {"MSE": 0.23209313847887814, "MAE": 0.4194540711636482, "MAPE": 0.06075068177445928}, "Denmark": {"MSE": 0.5220246323733542, "MAE": 0.684943219891262, "MAPE": 0.10426956568839153}, "Hong Kong": {"MSE": 0.005543545714829243, "MAE": 0.07289143753227392, "MAPE": 0.009298831245985946}, "India": {"MSE": 226.04078239760707, "MAE": 14.791360161473957, "MAPE": 0.2118847709923809}, "Japan": {"MSE": 230.51863017152493, "MAE": 14.950280281895873, "MAPE": 0.1360572862257245}, "Malaysia": {"MSE": 0.6796499679120271, "MAE": 0.8164145563668308, "MAPE": 0.19932047594185887}}, "Autoencoder": {"Australia": {"MSE": 0.0005530010469570339, "MAE": 0.019034340244185488, "MAPE": 0.026743499798014558}, "Europe": {"MSE": 0.0005800399252821508, "MAE": 0.019088345898996485, "MAPE": 0.016183005894360645}, "Brazil": {"MSE": 0.4568244822415662, "MAE": 0.6668617201397182, "MAPE": 0.17505410552002376}, "Canada": {"MSE": 0.012645150719937008, "MAE": 0.11165659976, "MAPE": 0.08502784336654279}, "China": {"MSE": 0.05141569705503625, "MAE": 0.20708165226847963, "MAPE": 0.030196265688456226}, "Denmark": {"MSE": 0.17185458734559808, "MAE": 0.40596356292126334, "MAPE": 0.062222971005471334}, "Hong Kong": {"MSE": 0.0006644234969889494, "MAE": 0.025119657450676573, "MAPE": 0.0032043575105138514}, "India": {"MSE": 64.72244002671083, "MAE": 7.971539571435411, "MAPE": 0.11463854675486308}, "Japan": {"MSE": 125.3418482867154, "MAE": 11.14055779968411, "MAPE": 0.10136319730666946}, "Malaysia": {"MSE": 0.1180040962457678, "MAE": 0.3412271802026173, "MAPE": 0.08335509615156984}}, "1D_CNN": {"Australia": {"MSE": 0.00019776180135228788, "MAE": 0.01074412366716023, "MAPE": 0.015252183881881643}, "Europe": {"MSE": 0.0001383452066564812, "MAE": 0.009323185613976442, "MAPE": 0.00795986018734693}, "Brazil": {"MSE": 0.08015416451524464, "MAE": 0.2670463546817913, "MAPE": 0.06957446045487904}, "Canada": {"MSE": 0.0021976691457380355, "MAE": 0.04567903152943536, "MAPE": 0.03473520954498164}, "China": {"MSE": 0.009863881399501851, "MAE": 0.08671863048967958, "MAPE": 0.012648419695433219}, "Denmark": {"MSE": 0.017766503192769945, "MAE": 0.12720870542930196, "MAPE": 0.01947036920994061}, "Hong Kong": {"MSE": 0.00020588822781701858, "MAE": 0.013712679818365932, "MAPE": 0.0017490470734949878}, "India": {"MSE": 8.95907214613107, "MAE": 2.8949941948878393, "MAPE": 0.04152332532526378}, "Japan": {"MSE": 13.877713922016348, "MAE": 3.597301880501033, "MAPE": 0.032717869301568045}, "Malaysia": {"MSE": 0.024969880274059997, "MAE": 0.15649024483433085, "MAPE": 0.03819833208660412}}}