{"1D_CNN": {"Australia": {"MSE": 0.00015996356880645243, "MAE": 0.009597826980227262, "MAPE": 0.01361613238974382}, "Europe": {"MSE": 0.0001452958409310012, "MAE": 0.009395696789300686, "MAPE": 0.008011182184894402}, "Brazil": {"MSE": 0.09256376281887871, "MAE": 0.28909973440978187, "MAPE": 0.07528565311446242}, "Canada": {"MSE": 0.001694299743146567, "MAE": 0.03967029420508425, "MAPE": 0.03016373104124501}, "China": {"MSE": 0.007703667407168628, "MAE": 0.07290675902252482, "MAPE": 0.01066657747436903}, "Denmark": {"MSE": 0.024395309595615363, "MAE": 0.14959732815477292, "MAPE": 0.022876358170603933}, "Hong Kong": {"MSE": 0.00013801278353372433, "MAE": 0.011237065700228966, "MAPE": 0.0014333477065145124}, "India": {"MSE": 8.10450486512861, "MAE": 2.748385657814546, "MAPE": 0.03940293187594764}, "Japan": {"MSE": 21.622235252300257, "MAE": 4.543415466926814, "MAPE": 0.041330913561148416}, "Malaysia": {"MSE": 0.00765590292381312, "MAE": 0.0849155586117978, "MAPE": 0.02071254942258468}}}